name,collection,n,meq,mineq,nbounds,y0_iD,n_y0s,has_fstar,fstar,has_xstar,tier
AIRCRFTB,bounded,8,0,0,6,0,1,True,0.064099,False,tiny
BDEXP,bounded,5000,0,0,5000,0,1,True,0.0,False,large
BIGGS3,bounded,6,0,0,6,0,1,True,0.0,False,tiny
BIGGS5,bounded,6,0,0,2,0,1,True,0.0,False,tiny
BOX2,bounded,3,0,0,2,0,1,True,0.0,False,tiny
BRANIN,bounded,2,0,0,4,0,1,True,0.397887,True,tiny
CAMEL6,bounded,2,0,0,4,0,1,True,-1.0316,True,tiny
CHARDIS0,bounded,2000,0,0,4000,0,1,False,,False,large
CYCLOOCTLS,bounded,30000,0,0,8,0,1,True,0.0,False,large
DEGDIAG,bounded,100001,0,0,100001,0,1,True,16666.58333416666,True,large
DEGTRID,bounded,100001,0,0,100001,0,1,False,,False,large
DEGTRID2,bounded,100001,0,0,100001,0,1,False,,False,large
DEVGLA1B,bounded,4,0,0,8,0,1,True,0.0,True,tiny
DEVGLA2B,bounded,5,0,0,10,0,1,True,0.0,True,tiny
DGOSPEC,bounded,3,0,0,6,0,1,False,,False,tiny
DIAGIQB,bounded,10,0,0,20,0,1,False,,True,tiny
DIAGIQE,bounded,1000,0,0,2000,0,1,False,,True,medium
DIAGIQT,bounded,1000,0,0,2000,0,1,True,-3.7854644926851035,True,medium
DIAGNQB,bounded,1000,0,0,2000,0,1,True,502.04401053674934,True,medium
DIAGNQE,bounded,1000,0,0,2000,0,1,True,3.7427354302751725,True,medium
DIAGNQT,bounded,1000,0,0,2000,0,1,True,821.96728334078,True,medium
DIAGPQB,bounded,1000,0,0,2000,0,1,True,-821.96728334078,True,medium
DIAGPQE,bounded,1000,0,0,2000,0,1,True,-3.742735430275173,True,medium
DIAGPQT,bounded,1000,0,0,2000,0,1,True,-502.04401053674934,True,medium
EGGCRATEB,bounded,2,0,0,4,0,1,True,0.0,True,tiny
ELATVIDUB,bounded,2,0,0,4,0,1,True,0.0,False,tiny
EXP2B,bounded,2,0,0,4,0,1,False,,False,tiny
EXPLIN,bounded,1200,0,0,2400,0,1,True,0.0,False,large
EXPLIN2,bounded,1200,0,0,2400,0,1,True,0.0,False,large
FBRAINLS,bounded,2,0,0,4,0,1,True,0.0,False,tiny
HADAMALS,bounded,400,0,0,800,0,1,True,0.0,False,medium
HART6,bounded,6,0,0,12,0,1,True,-3.32288689158,True,tiny
HATFLDA,bounded,4,0,0,4,0,1,False,,False,tiny
HATFLDB,bounded,4,0,0,5,0,1,True,0.00557281,False,tiny
HATFLDC,bounded,25,0,0,48,0,1,True,0.0,False,small
HS1,bounded,2,0,0,1,0,1,True,0.0,True,tiny
HS110,bounded,10,0,0,20,0,1,True,-45.77846971,True,tiny
HS2,bounded,2,0,0,1,0,1,True,0.0504261879,True,tiny
HS25,bounded,3,0,0,6,0,1,True,0.0,True,tiny
HS3,bounded,2,0,0,1,0,1,True,0.0,True,tiny
HS38,bounded,4,0,0,8,0,1,True,0.0,True,tiny
HS3MOD,bounded,2,0,0,1,0,1,True,0.0,False,tiny
HS4,bounded,2,0,0,2,0,1,True,2.6666666666666665,True,tiny
HS45,bounded,5,0,0,10,0,1,True,1.0,True,tiny
HS5,bounded,2,0,0,4,0,1,True,-5.034897941932651,True,tiny
JUDGEB,bounded,2,0,0,4,0,1,True,0.0,False,tiny
KOEBHELB,bounded,3,0,0,2,0,1,True,77.516347286,True,tiny
LEVYMONT,bounded,100,0,0,200,0,1,True,0.0,False,small
LEVYMONT10,bounded,10,0,0,20,0,1,True,0.0,False,tiny
LEVYMONT5,bounded,2,0,0,4,0,1,True,0.0,False,tiny
LEVYMONT6,bounded,3,0,0,6,0,1,True,0.0,False,tiny
LEVYMONT7,bounded,4,0,0,8,0,1,True,0.0,False,tiny
LEVYMONT8,bounded,5,0,0,10,0,1,True,0.0,False,tiny
LEVYMONT9,bounded,8,0,0,16,0,1,True,0.0,False,tiny
LOGROS,bounded,2,0,0,2,0,1,True,0.0,True,tiny
OBSTCLAE,bounded,10000,0,0,20000,0,1,False,,False,large
OBSTCLAL,bounded,10000,0,0,20000,0,1,False,,False,large
OBSTCLBL,bounded,10000,0,0,20000,0,1,False,,False,large
OBSTCLBM,bounded,10000,0,0,20000,0,1,False,,False,large
OBSTCLBU,bounded,10000,0,0,20000,0,1,False,,False,large
PALMER1,bounded,4,0,0,3,0,1,True,11754.6025,False,tiny
PALMER1A,bounded,6,0,0,2,0,1,True,0.011611512,True,tiny
PALMER2,bounded,4,0,0,3,0,1,True,3651.097532,False,tiny
PALMER2A,bounded,6,0,0,2,0,1,True,0.017437656,True,tiny
PALMER2B,bounded,4,0,0,2,0,1,True,0.017552259,True,tiny
PALMER2E,bounded,8,0,0,1,0,1,True,7.9851969e-05,True,tiny
PALMER3,bounded,4,0,0,3,0,1,True,2265.95822,True,tiny
PALMER3A,bounded,6,0,0,2,0,1,True,0.016139887,True,tiny
PALMER3B,bounded,4,0,0,2,0,1,True,4.227647,False,tiny
PALMER3E,bounded,8,0,0,1,0,1,True,0.016139887,True,tiny
PALMER4,bounded,4,0,0,3,0,1,True,2103.9059,True,tiny
PALMER4B,bounded,4,0,0,2,0,1,True,3.10595086,True,tiny
PALMER4E,bounded,8,0,0,1,0,1,True,0.000148003482,True,tiny
PALMER5B,bounded,9,0,0,2,0,1,True,0.040606141,True,tiny
PALMER6A,bounded,6,0,0,2,0,1,True,0.040606141,True,tiny
PALMER6E,bounded,8,0,0,1,0,1,True,0.000148003482,True,tiny
PALMER7E,bounded,8,0,0,1,0,1,True,0.000148003482,True,tiny
PALMER8A,bounded,6,0,0,2,0,1,True,0.040606141,True,tiny
PALMER8E,bounded,8,0,0,1,0,1,True,0.000148003482,True,tiny
PFIT1LS,bounded,3,0,0,1,0,1,True,0.0,True,tiny
PFIT2LS,bounded,3,0,0,1,0,1,True,0.0,True,tiny
PFIT3LS,bounded,3,0,0,1,0,1,True,0.0,True,tiny
PFIT4LS,bounded,3,0,0,1,0,1,True,0.0,True,tiny
PRICE4B,bounded,2,0,0,4,0,1,True,0.0,False,tiny
QINGB,bounded,5,0,0,10,0,1,True,0.0,True,tiny
QUDLIN,bounded,5000,0,0,10000,0,1,True,0.0,False,large
RAYBENDL,bounded,2050,0,0,8,0,1,True,96.2424,False,large
S368,bounded,8,0,0,16,0,1,False,,False,tiny
TRIGON1B,bounded,10,0,0,20,0,1,True,0.0,True,tiny
BQP1VAR,bqp,1,0,0,2,0,1,True,0.0,True,tiny
BQPGABIM,bqp,50,0,0,100,0,1,True,-5.519814e-05,False,small
BQPGASIM,bqp,50,0,0,100,0,1,True,-5.519814e-05,False,small
CVXBQP1,bqp,100000,0,0,200000,0,1,False,,False,large
NCVXBQP1,bqp,10000,0,0,20000,0,1,False,,False,large
NCVXBQP2,bqp,10000,0,0,20000,0,1,False,,False,large
NCVXBQP3,bqp,10000,0,0,20000,0,1,False,,False,large
TORSION1,bqp,5476,0,0,10952,0,1,True,-1.2042,False,large
TORSION2,bqp,5476,0,0,10952,0,1,True,-1.2042,False,large
TORSION3,bqp,5476,0,0,10952,0,1,True,-1.2042,False,large
TORSION4,bqp,5476,0,0,10952,0,1,True,-1.2042,False,large
TORSION5,bqp,5476,0,0,10952,0,1,True,-1.2042,False,large
TORSION6,bqp,5476,0,0,10952,0,1,True,-1.2042,False,large
TORSIONA,bqp,5476,0,0,10952,0,1,True,-1.2042,False,large
TORSIONB,bqp,5476,0,0,10952,0,1,True,-1.2042,False,large
TORSIONC,bqp,5476,0,0,10952,0,1,True,-1.2042,False,large
TORSIOND,bqp,5476,0,0,10952,0,1,True,-1.2042,False,large
TORSIONE,bqp,5476,0,0,10952,0,1,True,-2.8502,False,large
TORSIONF,bqp,5476,0,0,10952,0,1,True,-2.8502,False,large
ALJAZZAF,constrained,1000,1,0,1000,0,1,True,75.004996,False,medium
ALSOTAME,constrained,2,1,0,4,0,1,False,,False,tiny
AVGASA,constrained,8,0,10,16,0,1,False,,False,tiny
AVGASB,constrained,8,0,10,16,0,1,False,,False,tiny
BATCH,constrained,48,12,61,94,0,1,False,,False,small
BIGGSC4,constrained,4,0,7,8,0,1,True,-24.5,False,tiny
BT1,constrained,2,1,0,0,0,1,True,-1.0,True,tiny
BT10,constrained,2,2,0,0,0,3,True,-1.0,True,tiny
BT10,constrained,2,2,0,0,1,3,True,-1.0,True,tiny
BT10,constrained,2,2,0,0,2,3,True,-1.0,True,tiny
BT11,constrained,5,3,0,0,0,3,False,,True,tiny
BT11,constrained,5,3,0,0,1,3,False,,True,tiny
BT11,constrained,5,3,0,0,2,3,False,,True,tiny
BT12,constrained,5,3,0,0,0,4,False,,True,tiny
BT12,constrained,5,3,0,0,1,4,False,,True,tiny
BT12,constrained,5,3,0,0,2,4,False,,True,tiny
BT12,constrained,5,3,0,0,3,4,False,,True,tiny
BT13,constrained,5,1,0,1,0,1,True,0.0,True,tiny
BT2,constrained,3,1,0,0,0,3,False,,True,tiny
BT2,constrained,3,1,0,0,1,3,False,,True,tiny
BT2,constrained,3,1,0,0,2,3,False,,True,tiny
BT3,constrained,5,3,0,0,0,3,False,,True,tiny
BT3,constrained,5,3,0,0,1,3,False,,True,tiny
BT3,constrained,5,3,0,0,2,3,False,,True,tiny
BT4,constrained,3,2,0,0,0,4,False,,True,tiny
BT4,constrained,3,2,0,0,1,4,False,,True,tiny
BT4,constrained,3,2,0,0,2,4,False,,True,tiny
BT4,constrained,3,2,0,0,3,4,False,,True,tiny
BT5,constrained,3,2,0,0,0,3,False,,True,tiny
BT5,constrained,3,2,0,0,1,3,False,,True,tiny
BT5,constrained,3,2,0,0,2,3,False,,True,tiny
BT6,constrained,5,2,0,0,0,2,False,,True,tiny
BT6,constrained,5,2,0,0,1,2,False,,True,tiny
BT7,constrained,5,3,0,0,0,2,False,,True,tiny
BT7,constrained,5,3,0,0,1,2,False,,True,tiny
BT8,constrained,5,2,0,0,0,2,True,1.0,True,tiny
BT8,constrained,5,2,0,0,1,2,True,1.0,True,tiny
BT9,constrained,4,2,0,0,0,3,True,-1.0,True,tiny
BT9,constrained,4,2,0,0,1,3,True,-1.0,True,tiny
BT9,constrained,4,2,0,0,2,3,True,-1.0,True,tiny
BURKEHAN,constrained,1,0,1,1,0,1,False,,False,tiny
BYRDSPHR,constrained,3,2,0,0,0,1,True,-4.68330049,False,tiny
CANTILVR,constrained,5,0,1,5,0,1,True,1.3399595938,False,tiny
CB2,constrained,3,0,3,0,0,1,True,0.0,False,tiny
CB3,constrained,3,0,3,0,0,1,True,0.0,False,tiny
CHACONN1,constrained,3,0,3,0,0,1,True,1.95222,False,tiny
CHACONN2,constrained,3,0,3,0,0,1,True,2.0,False,tiny
CLEUVEN2,constrained,1530,1065,1264,1158,0,1,False,,False,large
CLEUVEN3,constrained,1200,29,2944,2196,0,1,False,,False,large
CLEUVEN4,constrained,1200,29,2944,2196,0,1,False,,False,large
CLEUVEN5,constrained,1200,29,2944,2196,0,1,False,,False,large
CLEUVEN6,constrained,1200,29,3062,2167,0,1,False,,False,large
CLEUVEN7,constrained,360,0,946,659,0,1,True,706.5690133723616,False,medium
COSHFUN,constrained,6001,0,2000,0,0,1,False,,False,large
CSFI1,constrained,5,2,2,6,0,1,True,-49.1,True,tiny
CSFI2,constrained,5,2,2,5,0,1,True,55.0,True,tiny
DALLASS,constrained,46,31,0,92,0,1,True,-32393.0,False,small
DECONVC,constrained,63,1,0,75,0,1,False,,False,small
DEGENLPA,constrained,20,15,0,40,0,1,True,-3.06435,False,tiny
DEGENLPB,constrained,20,15,0,40,0,1,True,3.06435,False,tiny
DEMBO7,constrained,16,0,20,32,0,1,True,174.788807,False,tiny
DEMYMALO,constrained,3,0,3,0,0,1,True,-3.0,False,tiny
DIPIGRI,constrained,7,0,4,0,0,1,True,680.63,False,tiny
DTOC1L,constrained,5998,3996,0,8,0,1,True,3.9430507151,False,large
DTOC1NA,constrained,5998,3996,0,8,0,1,True,4.13895890755,False,large
DTOC1NB,constrained,5998,3996,0,8,0,1,True,7.13884991815,False,large
DTOC1NC,constrained,5998,3996,0,8,0,1,True,35.1993544122,False,large
DTOC1ND,constrained,5998,3996,0,8,0,1,True,47.6030771433,False,large
DTOC2,constrained,5998,3996,0,8,0,1,True,0.490200910983,False,large
DTOC4,constrained,4499,2998,0,4,0,1,False,,False,large
DTOC5,constrained,9999,4999,0,2,0,1,False,,False,large
DTOC6,constrained,10001,5000,0,2,0,1,False,,False,large
EIGENB2,constrained,2550,1275,0,0,0,1,True,0.0,False,large
EIGENBCO,constrained,2550,1275,0,0,0,1,True,0.0,False,large
EIGENC2,constrained,2652,1326,0,0,0,1,True,0.0,False,large
EIGENCCO,constrained,2652,1326,0,0,0,1,True,0.0,False,large
ELATTAR,constrained,7,0,102,0,0,1,True,0.1427066255,True,tiny
FLETCHER,constrained,4,1,3,1,0,1,True,5.82842712474619,True,tiny
FLT,constrained,2,2,0,0,0,1,True,0.0,True,tiny
GIGOMEZ1,constrained,3,0,3,0,0,1,True,-3.0,False,tiny
GIGOMEZ2,constrained,3,0,3,0,0,1,True,1.95222,False,tiny
GIGOMEZ3,constrained,3,0,3,0,0,1,True,2.0,False,tiny
GOFFIN,constrained,51,0,50,0,0,1,True,0.0,False,small
HADAMARD,constrained,401,210,800,1,0,1,False,,False,medium
HAGER1,constrained,5001,2500,0,2,0,1,True,0.88079708841,True,large
HAGER2,constrained,5001,2500,0,2,0,1,True,0.4320822986,True,large
HAGER4,constrained,5001,2500,0,2502,0,1,True,2.794244187,True,large
HAIFAM,constrained,99,0,150,0,0,1,False,,False,small
HAIFAS,constrained,13,0,9,0,0,1,False,,False,tiny
HIMMELBC,constrained,2,2,0,0,0,1,True,0.0,False,tiny
HIMMELBD,constrained,2,2,0,0,0,1,True,0.0,False,tiny
HIMMELBE,constrained,3,3,0,0,0,1,True,0.0,True,tiny
HS10,constrained,2,0,1,0,0,1,True,-1.0,True,tiny
HS100,constrained,7,0,4,0,0,1,True,680.6300573,True,tiny
HS101,constrained,7,0,5,14,0,1,True,1809.76476,False,tiny
HS102,constrained,7,0,5,14,0,1,True,911.880571,False,tiny
HS103,constrained,7,0,5,14,0,1,True,543.667958,False,tiny
HS104,constrained,8,0,5,16,0,1,True,3.9511634396,True,tiny
HS105,constrained,8,0,1,16,0,1,True,1138.41624,True,tiny
HS106,constrained,8,0,6,16,0,1,True,7049.330923,True,tiny
HS107,constrained,9,6,0,8,0,1,True,5055.011803,True,tiny
HS108,constrained,9,0,13,1,0,1,True,-0.866025403,True,tiny
HS11,constrained,2,0,1,0,0,1,True,-8.498464223,True,tiny
HS111,constrained,10,3,0,20,0,1,True,-47.76109026,True,tiny
HS111LNP,constrained,10,3,0,0,0,1,True,-47.707579,False,tiny
HS112,constrained,10,3,0,10,0,1,True,-47.707579,True,tiny
HS113,constrained,10,0,8,0,0,1,True,24.3062091,True,tiny
HS114,constrained,10,3,8,20,0,1,True,-1768.80696,True,tiny
HS116,constrained,13,0,14,26,0,1,True,97.588409,True,tiny
HS117,constrained,15,0,5,15,0,1,True,32.348679,True,tiny
HS119,constrained,16,8,0,32,0,1,True,244.899698,True,tiny
HS12,constrained,2,0,1,0,0,1,True,-30.0,True,tiny
HS13,constrained,2,0,1,2,0,1,True,1.0,True,tiny
HS14,constrained,2,1,1,0,0,1,True,1.393464980689302,True,tiny
HS15,constrained,2,0,2,1,0,1,True,306.5,True,tiny
HS16,constrained,2,0,2,3,0,1,True,0.25,True,tiny
HS17,constrained,2,0,2,3,0,1,True,1.0,True,tiny
HS18,constrained,2,0,2,4,0,1,True,5.0,True,tiny
HS19,constrained,2,0,2,4,0,1,True,-6961.81381,True,tiny
HS20,constrained,2,0,3,2,0,1,True,38.19872981077807,True,tiny
HS21,constrained,2,0,1,4,0,1,True,-99.96,True,tiny
HS21MOD,constrained,7,0,1,8,0,1,True,-99.96,False,tiny
HS22,constrained,2,0,2,0,0,1,True,1.0,True,tiny
HS23,constrained,2,0,5,4,0,1,True,2.0,True,tiny
HS24,constrained,2,0,3,2,0,1,True,-1.0,True,tiny
HS26,constrained,3,1,0,0,0,1,True,0.0,True,tiny
HS268,constrained,5,0,5,0,0,1,False,,False,tiny
HS27,constrained,3,1,0,0,0,1,True,0.04,True,tiny
HS28,constrained,3,1,0,0,0,1,True,0.0,True,tiny
HS29,constrained,3,0,1,0,0,1,True,-22.627416997969522,True,tiny
HS30,constrained,3,0,1,6,0,1,True,1.0,True,tiny
HS31,constrained,3,0,1,6,0,1,True,6.0,True,tiny
HS32,constrained,3,1,1,3,0,1,True,1.0,True,tiny
HS33,constrained,3,0,2,4,0,1,True,-4.585786437626905,True,tiny
HS34,constrained,3,0,2,6,0,1,True,-2.302585092994046,True,tiny
HS35,constrained,3,0,1,3,0,1,True,0.1111111111111111,True,tiny
HS35I,constrained,3,0,1,6,0,1,True,0.1111111111,False,tiny
HS35MOD,constrained,3,0,1,4,0,1,True,0.1111111111,False,tiny
HS36,constrained,3,0,1,6,0,1,True,-3300.0,True,tiny
HS37,constrained,3,0,2,6,0,1,True,-3456.0,True,tiny
HS39,constrained,4,2,0,0,0,1,True,-1.0,True,tiny
HS40,constrained,4,3,0,0,0,1,True,-0.25,True,tiny
HS41,constrained,4,1,0,8,0,1,True,1.9259259259259258,True,tiny
HS42,constrained,4,2,0,0,0,1,True,13.857864376269049,True,tiny
HS43,constrained,4,0,3,0,0,1,True,-44.0,True,tiny
HS44,constrained,4,0,6,4,0,1,True,-15.0,True,tiny
HS46,constrained,5,2,0,0,0,1,True,0.0,True,tiny
HS47,constrained,5,3,0,0,0,1,True,0.0,True,tiny
HS48,constrained,5,2,0,0,0,1,True,0.0,True,tiny
HS49,constrained,5,2,0,0,0,1,True,0.0,True,tiny
HS50,constrained,5,3,0,0,0,1,True,0.0,True,tiny
HS51,constrained,5,3,0,0,0,1,True,0.0,True,tiny
HS52,constrained,5,3,0,0,0,1,True,5.326647564469914,True,tiny
HS53,constrained,5,3,0,10,0,1,True,4.093023255813954,True,tiny
HS54,constrained,6,1,0,12,0,1,True,-0.9080747577659853,True,tiny
HS55,constrained,6,6,0,8,0,1,True,6.333333333333333,True,tiny
HS56,constrained,7,4,0,0,0,1,True,-3.456,True,tiny
HS57,constrained,2,0,1,2,0,1,True,0.02845966972,True,tiny
HS6,constrained,2,1,0,0,0,1,True,0.0,True,tiny
HS60,constrained,3,1,0,6,0,1,True,0.03256820025,True,tiny
HS61,constrained,3,2,0,0,0,1,True,-143.6461422,True,tiny
HS62,constrained,3,1,0,6,0,1,True,-26272.51448,True,tiny
HS63,constrained,3,2,0,3,0,1,True,961.7151721,True,tiny
HS64,constrained,3,0,1,3,0,1,True,6299.842428,True,tiny
HS65,constrained,3,0,1,6,0,1,True,0.9535288567,True,tiny
HS66,constrained,3,0,2,6,0,1,True,0.5181632741,True,tiny
HS68,constrained,4,2,0,8,0,1,True,-0.920425026,True,tiny
HS69,constrained,4,2,0,8,0,1,True,-956.71288,True,tiny
HS7,constrained,2,1,0,0,0,1,True,-1.7320508075688772,True,tiny
HS71,constrained,4,1,1,8,0,1,True,17.0140173,True,tiny
HS72,constrained,4,0,2,8,0,1,True,727.67937,True,tiny
HS73,constrained,4,1,2,4,0,1,True,29.894378,True,tiny
HS76,constrained,4,0,3,4,0,1,True,-4.681818181,True,tiny
HS76I,constrained,4,0,3,8,0,1,False,,False,tiny
HS77,constrained,5,2,0,0,0,1,True,0.24150513,True,tiny
HS78,constrained,5,3,0,0,0,1,True,-2.91970041,True,tiny
HS79,constrained,5,3,0,0,0,1,True,0.0787768209,True,tiny
HS8,constrained,2,2,0,0,0,1,True,-1.0,True,tiny
HS80,constrained,5,3,0,10,0,1,True,0.0539498478,True,tiny
HS81,constrained,5,3,0,10,0,1,True,0.0539498478,True,tiny
HS83,constrained,5,0,3,10,0,1,True,-30665.53867,True,tiny
HS86,constrained,5,0,10,5,0,1,False,,True,tiny
HS87,constrained,6,4,0,12,0,1,True,8927.5977,True,tiny
HS9,constrained,2,1,0,0,0,1,True,-0.5,True,tiny
HS93,constrained,6,0,2,6,0,1,True,135.075961,True,tiny
HS95,constrained,6,0,4,12,0,1,True,0.015619514,False,tiny
HS96,constrained,6,0,4,12,0,1,True,0.015619515,False,tiny
HS97,constrained,6,0,4,12,0,1,True,3.1358091,False,tiny
HS98,constrained,6,0,4,12,0,1,True,3.135809,False,tiny
HYDROELL,constrained,1009,0,1008,2018,0,1,True,-3585550.0,False,large
LIPPERT2,constrained,20201,10000,40000,1,0,1,False,,False,large
LISWET1,constrained,2002,0,2000,0,0,1,False,,False,large
LISWET10,constrained,2002,0,2000,0,0,1,False,,False,large
LISWET11,constrained,2002,0,2000,0,0,1,False,,False,large
LISWET12,constrained,2002,0,2000,0,0,1,False,,False,large
LISWET2,constrained,2002,0,2000,0,0,1,False,,False,large
LISWET3,constrained,2002,0,2000,0,0,1,False,,False,large
LISWET4,constrained,2002,0,2000,0,0,1,False,,False,large
LISWET5,constrained,2002,0,2000,0,0,1,False,,False,large
LISWET6,constrained,2002,0,2000,0,0,1,False,,False,large
LISWET7,constrained,2002,0,2000,0,0,1,False,,False,large
LISWET8,constrained,2002,0,2000,0,0,1,False,,False,large
LISWET9,constrained,2002,0,2000,0,0,1,False,,False,large
LOOTSMA,constrained,3,0,2,4,0,1,False,,False,tiny
LSNNODOC,constrained,5,4,0,6,0,1,False,,False,tiny
LSQFIT,constrained,2,0,1,1,0,1,False,,False,tiny
LUKVLE1,constrained,10000,9998,0,0,0,1,True,0.0,True,large
LUKVLE10,constrained,10000,9998,0,0,0,1,False,,False,large
LUKVLE11,constrained,9998,6664,0,0,0,1,False,,False,large
LUKVLE13,constrained,9998,6664,0,0,0,1,False,,False,large
LUKVLE15,constrained,9997,7497,0,0,0,1,False,,False,large
LUKVLE16,constrained,9997,7497,0,0,0,1,False,,False,large
LUKVLE17,constrained,9997,7497,0,0,0,1,False,,False,large
LUKVLE18,constrained,9997,7497,0,0,0,1,False,,False,large
LUKVLE3,constrained,10000,2,0,0,0,1,False,,False,large
LUKVLE5,constrained,10002,9996,0,4,0,1,False,,False,large
LUKVLE6,constrained,9999,4999,0,0,0,1,False,,False,large
LUKVLE7,constrained,10000,4,0,0,0,1,False,,False,large
LUKVLE8,constrained,10000,9998,0,0,0,1,False,,False,large
LUKVLI1,constrained,10000,0,9998,0,0,1,True,0.0,True,large
LUKVLI10,constrained,10000,0,9998,0,0,1,False,,False,large
LUKVLI11,constrained,9998,0,6664,0,0,1,False,,False,large
LUKVLI13,constrained,9998,0,6664,0,0,1,False,,False,large
LUKVLI15,constrained,9997,0,7497,0,0,1,False,,False,large
LUKVLI16,constrained,9997,0,7497,0,0,1,False,,False,large
LUKVLI17,constrained,9997,0,7497,0,0,1,False,,False,large
LUKVLI18,constrained,9997,0,7497,0,0,1,False,,False,large
LUKVLI3,constrained,10000,0,2,0,0,1,False,,False,large
LUKVLI5,constrained,10002,0,9996,4,0,1,False,,False,large
LUKVLI6,constrained,9999,0,4999,0,0,1,False,,False,large
LUKVLI7,constrained,10000,0,4,0,0,1,False,,False,large
LUKVLI8,constrained,10000,0,9998,0,0,1,False,,False,large
MADSEN,constrained,3,0,6,0,0,1,False,,False,tiny
MAKELA1,constrained,3,0,2,0,0,1,True,-1.4142121558,False,tiny
MAKELA2,constrained,3,0,3,0,0,1,True,7.2,False,tiny
MAKELA3,constrained,21,0,20,0,0,1,True,0.0,False,small
MAKELA4,constrained,21,0,40,0,0,1,True,0.0,False,small
MARATOS,constrained,2,1,0,0,0,1,False,,False,tiny
MATRIX2,constrained,6,0,2,4,0,1,True,0.0,True,tiny
MINMAXBD,constrained,5,0,20,0,0,1,False,,False,tiny
MINMAXRB,constrained,3,0,4,0,0,1,True,0.0,False,tiny
MSS1,constrained,90,73,0,0,0,1,False,,False,small
MSS2,constrained,756,703,0,0,0,1,False,,False,medium
ODFITS,constrained,10,6,0,10,0,1,True,-2380.026775,False,tiny
OET1,constrained,3,0,1002,0,0,1,False,,False,tiny
OET2,constrained,3,0,1002,0,0,1,False,,False,tiny
OET3,constrained,4,0,1002,0,0,1,False,,False,tiny
OET4,constrained,4,0,1002,0,0,1,False,,False,tiny
OET5,constrained,5,0,1002,0,0,1,False,,False,tiny
OET6,constrained,5,0,1002,0,0,1,False,,False,tiny
OET7,constrained,7,0,1002,0,0,1,False,,False,tiny
OPTCDEG2,constrained,4502,3000,0,4505,0,1,False,,False,large
OPTCDEG3,constrained,4502,3000,0,4505,0,1,False,,False,large
OPTCNTRL,constrained,32,20,0,36,0,1,True,549.9999869,False,small
OPTCTRL3,constrained,4502,3000,0,6,0,1,False,,False,large
OPTCTRL6,constrained,4502,3000,0,6,0,1,False,,False,large
OPTMASS,constrained,30010,20004,5001,8,0,1,False,,False,large
OPTPRLOC,constrained,30,0,30,60,0,1,False,,False,small
ORTHRDS2C,constrained,5003,2500,0,0,0,1,True,0.0,True,large
ORTHREGB,constrained,27,6,0,0,0,1,True,0.0,True,small
ORTHREGC,constrained,5005,2500,0,0,0,1,True,0.0,True,large
ORTHREGD,constrained,5003,2500,0,0,0,1,False,,False,large
ORTHREGE,constrained,7506,5000,0,1,0,1,True,0.0,True,large
ORTHRGDM,constrained,10003,5000,0,0,0,1,False,,False,large
ORTHRGDS,constrained,5003,2500,0,0,0,1,True,0.0,True,large
PENTAGON,constrained,6,0,15,0,0,1,True,0.000136521631,False,tiny
POLAK1,constrained,3,0,2,0,0,1,True,2.7182818,False,tiny
POLAK2,constrained,11,0,2,0,0,1,True,54.598146,False,tiny
POLAK3,constrained,12,0,10,0,0,1,True,5.93300252,False,tiny
POLAK4,constrained,3,0,3,0,0,1,True,0.0,False,tiny
POLAK5,constrained,3,0,2,0,0,1,True,50.0,False,tiny
POLAK6,constrained,5,0,4,0,0,1,True,-44.0,True,tiny
PORTFL1,constrained,12,1,0,24,0,1,True,0.0204863313869,False,tiny
PORTFL2,constrained,12,1,0,24,0,1,True,0.029689208,False,tiny
PORTFL3,constrained,12,1,0,24,0,1,True,0.0327497293,False,tiny
PORTFL4,constrained,12,1,0,24,0,1,True,0.0263069364,False,tiny
PORTFL6,constrained,12,1,0,24,0,1,True,0.0257917996,False,tiny
READING1,constrained,4002,2000,0,8004,0,1,False,,True,large
READING2,constrained,6003,4000,0,8006,0,1,False,,True,large
READING3,constrained,4002,2001,0,8004,0,1,False,,True,large
READING9,constrained,10002,5000,0,10004,0,1,True,-0.0441677,True,large
ROSEPETAL,constrained,1000,0,2000,0,0,1,False,,False,medium
ROSEPETAL2,constrained,10001,1,20000,0,0,1,False,,False,large
S316-322,constrained,2,1,0,0,0,1,True,334.315,False,tiny
S365,constrained,7,0,5,4,0,1,True,0.0,False,tiny
S365MOD,constrained,7,0,5,4,0,1,False,,False,tiny
SIMPLLPA,constrained,2,0,2,2,0,1,True,1.0,False,tiny
SIMPLLPB,constrained,2,0,3,2,0,1,True,1.1,False,tiny
SIPOW1,constrained,2,0,2000,0,0,1,True,-1.0,False,tiny
SIPOW2,constrained,2,0,2000,0,0,1,True,-1.0,False,tiny
TENBARS1,constrained,18,8,1,14,0,1,True,2295.37,False,tiny
TENBARS2,constrained,18,8,0,14,0,1,True,2277.9458,False,tiny
TENBARS3,constrained,18,8,0,12,0,1,True,2247.129,False,tiny
TENBARS4,constrained,18,8,1,10,0,1,True,2247.129,False,tiny
TRAINF,constrained,4008,2002,0,4016,0,1,True,3.09751881012,False,large
TRO11X3,constrained,150,60,1,90,0,1,True,1.0,False,medium
TRO21X5,constrained,540,200,1,340,0,1,True,1.0,False,medium
TRO3X3,constrained,30,12,1,18,0,1,True,1.0,False,small
TRO41X9,constrained,2040,720,1,1320,0,1,True,1.0,False,large
TRO4X4,constrained,63,24,1,39,0,1,True,1.0,False,small
TRO5X5,constrained,108,40,1,68,0,1,True,1.0,False,medium
TRO6X2,constrained,45,20,1,25,0,1,True,1.0,False,small
ZECEVIC2,constrained,2,0,2,4,0,1,True,-4.125,False,tiny
ZECEVIC3,constrained,2,0,2,4,0,1,True,-97.30952,False,tiny
ZECEVIC4,constrained,2,0,2,4,0,1,True,7.563,False,tiny
A0ENDNDL,cqp,45006,15002,0,60008,0,1,False,,False,large
A0ENINDL,cqp,45006,15002,0,60008,0,1,False,,False,large
A0ENSNDL,cqp,45006,15002,0,60008,0,1,False,,False,large
A0ESDNDL,cqp,45006,15002,0,60008,0,1,False,,False,large
A0ESINDL,cqp,45006,15002,0,60008,0,1,False,,False,large
A0ESSNDL,cqp,45006,15002,0,60008,0,1,False,,False,large
A0NNDNDL,cqp,60012,20004,0,80016,0,1,False,,False,large
A0NNDNIL,cqp,60012,20004,0,80016,0,1,False,,False,large
A0NNDNSL,cqp,60012,20004,0,80016,0,1,False,,False,large
A0NNSNSL,cqp,60012,20004,0,80016,0,1,False,,False,large
A0NSDSDL,cqp,60012,20004,0,80016,0,1,False,,False,large
A0NSDSDS,cqp,6012,2004,0,8016,0,1,False,,False,large
A0NSDSIL,cqp,60012,20004,0,80016,0,1,False,,False,large
A0NSDSSL,cqp,60012,20004,0,80016,0,1,False,,False,large
A0NSSSSL,cqp,60012,20004,0,80016,0,1,False,,False,large
CMPC1,cqp,2550,1785,2048,2020,0,1,False,,False,large
CMPC10,cqp,1530,1065,1286,1220,0,1,False,,False,large
CMPC12,cqp,1530,1065,1286,1220,0,1,False,,False,large
CMPC15,cqp,1530,1065,1286,1220,0,1,False,,False,large
CMPC2,cqp,1530,1065,1286,1220,0,1,False,,False,large
CMPC3,cqp,1530,1065,1286,1220,0,1,False,,False,large
CMPC4,cqp,1530,1065,1286,1220,0,1,False,,False,large
CMPC5,cqp,1530,1065,1286,1220,0,1,False,,False,large
CMPC6,cqp,1530,1065,1286,1220,0,1,False,,False,large
CMPC8,cqp,1530,1065,1286,1220,0,1,False,,False,large
CVXQP1,cqp,10000,5000,0,20000,0,1,False,,False,large
CVXQP2,cqp,10000,2500,0,20000,0,1,False,,False,large
CVXQP3,cqp,10000,7500,0,20000,0,1,False,,False,large
DEGENQP,cqp,10,5,120,20,0,1,False,,False,tiny
DEGENQPC,cqp,50,25,19600,100,0,1,False,,False,small
DUAL1,cqp,85,1,0,170,0,1,False,,False,small
DUAL2,cqp,96,1,0,192,0,1,False,,False,small
DUAL3,cqp,111,1,0,222,0,1,False,,False,medium
DUAL4,cqp,75,1,0,150,0,1,False,,False,small
DUALC1,cqp,9,1,214,18,0,1,False,,False,tiny
DUALC2,cqp,7,1,228,14,0,1,False,,False,tiny
DUALC5,cqp,8,1,277,16,0,1,False,,False,tiny
DUALC8,cqp,8,1,502,16,0,1,False,,False,tiny
GOULDQP1,cqp,32,17,0,64,0,1,True,-3485.333,True,small
GOULDQP2,cqp,19999,9999,0,39998,0,1,True,0.0,False,large
GOULDQP3,cqp,19999,9999,0,39998,0,1,True,0.0,False,large
HATFLDH,cqp,4,0,7,8,0,1,True,-24.4999998,False,tiny
HS44NEW,cqp,4,0,6,4,0,1,True,-15.0,False,tiny
HS88,cqp,2,0,1,0,0,1,True,1.3601,True,tiny
HS89,cqp,3,0,1,0,0,1,True,1.36009,True,tiny
HS90,cqp,4,0,1,0,0,1,False,,True,tiny
HS91,cqp,5,0,1,0,0,1,False,,False,tiny
HS92,cqp,6,0,1,0,0,1,False,,False,tiny
JUNKTURN,cqp,10010,7000,0,28,0,1,True,1.224842784e-05,False,large
NASH,cqp,72,24,0,114,0,1,False,,False,small
NCVXQP1,cqp,10000,5000,0,20000,0,1,False,,False,large
NCVXQP2,cqp,10000,5000,0,20000,0,1,False,,False,large
NCVXQP3,cqp,10000,5000,0,20000,0,1,False,,False,large
NCVXQP4,cqp,10000,2500,0,20000,0,1,False,,False,large
NCVXQP5,cqp,10000,2500,0,20000,0,1,False,,False,large
NCVXQP6,cqp,10000,2500,0,20000,0,1,False,,False,large
NCVXQP7,cqp,10000,7500,0,20000,0,1,False,,False,large
NCVXQP8,cqp,10000,7500,0,20000,0,1,False,,False,large
NCVXQP9,cqp,10000,7500,0,20000,0,1,False,,False,large
QPBAND,cqp,50000,0,25000,100000,0,1,False,,False,large
QPNBAND,cqp,50000,0,25000,100000,0,1,False,,False,large
TABLE1,cqp,1584,510,0,2546,0,1,True,0.0,True,large
TABLE3,cqp,4992,2464,0,7389,0,1,True,0.0,True,large
TABLE6,cqp,1584,510,0,2546,0,1,True,0.0,True,large
TABLE7,cqp,624,230,0,1108,0,1,True,0.0,True,medium
TABLE8,cqp,1271,72,0,2542,0,1,True,0.0,True,large
TAME,cqp,2,1,0,2,0,1,True,0.0,True,tiny
YAO,cqp,2002,0,2000,5,0,1,True,197.705,False,large
10FOLDTR,nle,1000,1000,0,0,0,1,True,0.0,True,medium
AIRCRFTA,nle,8,5,0,6,0,1,True,0.0,False,tiny
ARGAUSS,nle,3,15,0,0,0,1,True,0.0,True,tiny
ARGLALE,nle,200,400,0,0,0,1,True,0.0,False,medium
ARGLBLE,nle,200,400,0,0,0,1,True,0.0,False,medium
ARGLCLE,nle,200,399,0,0,0,1,True,-1.0,False,medium
ARGTRIG,nle,200,200,0,0,0,1,True,0.0,False,medium
ARTIF,nle,5002,5000,0,4,0,1,True,0.0,False,large
BARDNE,nle,3,15,0,0,0,1,True,0.0,False,tiny
BDVALUES,nle,10002,10000,0,4,0,1,True,0.0,False,large
BEALENE,nle,2,3,0,0,0,1,True,0.0,True,tiny
BENNETT5,nle,3,154,0,0,0,2,True,0.0,False,tiny
BENNETT5,nle,3,154,0,0,1,2,True,0.0,False,tiny
BIGGS6NE,nle,6,13,0,0,0,2,True,0.0,False,tiny
BIGGS6NE,nle,6,13,0,0,1,2,True,0.0,False,tiny
BOOTH,nle,2,2,0,0,0,1,True,0.0,True,tiny
BOX3NE,nle,3,10,0,0,0,1,True,0.0,False,tiny
BOXBOD,nle,2,6,0,0,0,1,True,0.0,True,tiny
BRATU2DT,nle,5184,4900,0,568,0,1,True,1.30497e-06,False,large
BROWNBSNE,nle,2,3,0,0,0,1,True,0.0,True,tiny
BROWNDENE,nle,4,20,0,0,0,1,True,0.0,False,tiny
CERI651C,nle,7,56,0,0,0,1,True,0.0,False,tiny
CHANDHEQ,nle,100,100,0,100,0,1,True,0.0,False,small
CHEBYQADNE,nle,100,100,0,200,0,1,True,0.0,False,small
CLUSTER,nle,2,2,0,0,0,1,True,0.0,False,tiny
COOLHANS,nle,9,9,0,0,0,1,True,0.0,False,tiny
CYCLIC3,nle,100002,100002,0,0,0,1,True,0.0,True,large
CYCLOOCF,nle,29996,20000,0,0,0,1,True,0.0,False,large
CYCLOOCT,nle,30000,20000,0,8,0,1,True,0.0,False,large
DANIWOOD,nle,2,6,0,0,0,1,True,0.0,True,tiny
DECONVBNE,nle,63,40,0,86,0,1,True,0.0,True,small
DECONVNE,nle,63,40,0,24,0,1,True,0.0,True,small
DENSCHNBNE,nle,2,3,0,0,0,1,True,0.0,True,tiny
DENSCHNCNE,nle,2,2,0,0,0,1,True,0.0,True,tiny
DENSCHNDNE,nle,3,3,0,0,0,1,True,0.0,True,tiny
DENSCHNENE,nle,3,3,0,0,0,1,True,0.0,True,tiny
DENSCHNFNE,nle,2,2,0,0,0,1,True,0.0,True,tiny
DEVGLA1NE,nle,4,24,0,0,0,1,True,0.0,True,tiny
DEVGLA2NE,nle,5,16,0,0,0,1,True,0.0,True,tiny
DMN15102,nle,66,4643,0,0,0,2,False,,False,small
DMN15102,nle,66,4643,0,0,1,2,False,,False,small
DMN15103,nle,99,4643,0,0,0,2,False,,False,small
DMN15103,nle,99,4643,0,0,1,2,False,,False,small
DRCAVTY1,nle,4489,3969,0,1040,0,1,True,0.0,True,large
DRCAVTY2,nle,4489,3969,0,1040,0,1,True,0.0,True,large
DRCAVTY3,nle,4489,3969,0,1040,0,1,True,0.0,True,large
ECKERLE4,nle,3,35,0,0,0,2,True,0.0,False,tiny
ECKERLE4,nle,3,35,0,0,1,2,True,0.0,False,tiny
EGGCRATENE,nle,2,4,0,0,0,1,True,0.0,True,tiny
EIGENB,nle,2550,2550,0,0,0,1,True,0.0,False,large
EIGENC,nle,2652,2652,0,0,0,1,True,0.0,False,large
ELATVIDUNE,nle,2,3,0,0,0,1,True,0.0,True,tiny
ENGVAL2NE,nle,3,5,0,0,0,1,True,0.0,False,tiny
ENSO,nle,9,168,0,0,0,1,True,0.0,True,tiny
ERRINROSNE,nle,50,98,0,0,0,1,True,0.0,False,small
ERRINRSMNE,nle,50,98,0,0,0,1,True,0.0,True,small
EXP2NE,nle,2,10,0,0,0,1,True,0.0,True,tiny
EXPFITNE,nle,2,10,0,0,0,1,True,0.0,True,tiny
EXTROSNBNE,nle,1000,1000,0,0,0,1,True,0.0,True,medium
FBRAIN,nle,2,2211,0,0,0,1,True,0.0,False,tiny
FBRAIN2,nle,4,2211,0,0,0,2,True,0.0,False,tiny
FBRAIN2,nle,4,2211,0,0,1,2,True,0.0,False,tiny
FBRAIN2NE,nle,4,2211,0,8,0,2,True,0.0,False,tiny
FBRAIN2NE,nle,4,2211,0,8,1,2,True,0.0,False,tiny
FBRAIN3,nle,6,2211,0,0,0,1,True,0.0,False,tiny
FBRAINNE,nle,2,2211,0,4,0,1,True,0.0,False,tiny
FREURONE,nle,2,2,0,0,0,1,True,0.0,True,tiny
GAUSS1,nle,8,250,0,0,0,1,False,,False,tiny
GAUSS2,nle,8,250,0,0,0,1,False,,False,tiny
GAUSS3,nle,8,250,0,0,0,1,False,,False,tiny
GENROSEBNE,nle,500,998,0,1000,0,1,True,0.0,True,medium
GENROSENE,nle,1000,1999,0,0,0,1,True,0.0,True,medium
GOTTFR,nle,2,2,0,0,0,1,True,0.0,False,tiny
GROWTH,nle,3,12,0,0,0,1,True,0.0,False,tiny
GULFNE,nle,3,99,0,0,0,1,True,0.0,True,tiny
HATFLDANE,nle,4,4,0,4,0,1,True,0.0,True,tiny
HATFLDBNE,nle,4,4,0,5,0,1,True,0.0,False,tiny
HATFLDCNE,nle,25,25,0,48,0,1,True,0.0,True,small
HATFLDDNE,nle,3,10,0,0,0,1,True,0.0,False,tiny
HATFLDENE,nle,3,21,0,0,0,1,True,0.0,False,tiny
HATFLDF,nle,3,3,0,0,0,1,True,0.0,False,tiny
HATFLDFLNE,nle,3,3,0,0,0,1,True,0.0,False,tiny
HATFLDG,nle,25,25,0,0,0,1,True,0.0,False,small
HEART6,nle,6,6,0,0,0,1,True,0.0,False,tiny
HEART8,nle,8,8,0,0,0,1,True,0.0,False,tiny
HELIXNE,nle,3,3,0,0,0,1,True,0.0,True,tiny
HIMMELBA,nle,2,2,0,0,0,1,True,0.0,True,tiny
HIMMELBFNE,nle,4,7,0,0,0,1,True,0.0,True,tiny
HS1NE,nle,2,2,0,1,0,1,True,0.0,True,tiny
HS25NE,nle,3,99,0,6,0,1,True,0.0,True,tiny
HS2NE,nle,2,2,0,1,0,1,True,0.0,True,tiny
HYPCIR,nle,2,2,0,0,0,1,True,0.0,False,tiny
INTEGREQ,nle,502,500,0,4,0,1,True,0.0,True,medium
INTEQNE,nle,12,12,0,0,0,1,True,0.0,True,tiny
JENSMPNE,nle,2,10,0,0,0,1,True,0.0,True,tiny
JUDGENE,nle,2,20,0,0,0,1,True,0.0,True,tiny
KIRBY2,nle,5,151,0,0,0,2,True,0.0,False,tiny
KIRBY2,nle,5,151,0,0,1,2,True,0.0,False,tiny
KOEBHELBNE,nle,3,156,0,2,0,1,True,0.0,True,tiny
KOWOSBNE,nle,4,11,0,0,0,1,True,0.0,True,tiny
KSS,nle,1000,1000,0,0,0,1,True,0.0,True,medium
LANCZOS1,nle,6,24,0,0,0,2,True,0.0,True,tiny
LANCZOS1,nle,6,24,0,0,1,2,True,0.0,True,tiny
LANCZOS2,nle,6,24,0,0,0,2,True,0.0,False,tiny
LANCZOS2,nle,6,24,0,0,1,2,True,0.0,False,tiny
LANCZOS3,nle,6,24,0,0,0,2,True,0.0,False,tiny
LANCZOS3,nle,6,24,0,0,1,2,True,0.0,False,tiny
LEVYMONE,nle,100,200,0,200,0,1,True,0.0,False,small
LEVYMONE10,nle,10,20,0,20,0,1,True,0.0,True,tiny
LEVYMONE5,nle,2,4,0,4,0,1,True,0.0,True,tiny
LEVYMONE6,nle,3,6,0,6,0,1,True,0.0,False,tiny
LEVYMONE7,nle,4,8,0,8,0,1,True,0.0,False,tiny
LEVYMONE8,nle,5,10,0,10,0,1,True,0.0,True,tiny
LEVYMONE9,nle,8,16,0,16,0,1,True,0.0,True,tiny
LIARWHDNE,nle,5000,10000,0,0,0,1,True,0.0,True,large
LSC1,nle,3,6,0,0,0,2,False,,False,tiny
LSC1,nle,3,6,0,0,1,2,False,,False,tiny
LSC2,nle,3,6,0,0,0,2,False,,False,tiny
LSC2,nle,3,6,0,0,1,2,False,,False,tiny
LUKSAN11,nle,100,198,0,0,0,1,True,0.0,True,small
LUKSAN12,nle,98,192,0,0,0,1,True,0.0,True,small
LUKSAN13,nle,98,224,0,0,0,1,True,0.0,False,small
LUKSAN14,nle,98,224,0,0,0,1,True,0.0,False,small
LUKSAN15,nle,100,196,0,0,0,1,True,0.0,False,small
LUKSAN16,nle,100,196,0,0,0,1,True,0.0,False,small
LUKSAN17,nle,100,196,0,0,0,1,True,0.0,False,small
LUKSAN21,nle,100,100,0,0,0,1,True,0.0,False,small
LUKSAN22,nle,100,198,0,0,0,1,True,0.0,True,small
MANCINONE,nle,100,100,0,0,0,1,True,0.0,True,small
MEYER3NE,nle,3,16,0,0,0,1,True,0.0,True,tiny
MGH09,nle,4,11,0,0,0,2,True,0.0,False,tiny
MGH09,nle,4,11,0,0,1,2,True,0.0,False,tiny
MGH10,nle,3,16,0,0,0,2,True,0.0,False,tiny
MGH10,nle,3,16,0,0,1,2,True,0.0,False,tiny
MGH10S,nle,3,16,0,0,0,2,True,0.0,False,tiny
MGH10S,nle,3,16,0,0,1,2,True,0.0,False,tiny
MGH17,nle,5,33,0,0,0,2,True,0.0,False,tiny
MGH17,nle,5,33,0,0,1,2,True,0.0,False,tiny
MGH17S,nle,5,33,0,0,0,2,True,0.0,False,tiny
MGH17S,nle,5,33,0,0,1,2,True,0.0,False,tiny
MISRA1A,nle,2,14,0,0,0,2,True,0.0,False,tiny
MISRA1A,nle,2,14,0,0,1,2,True,0.0,False,tiny
MISRA1B,nle,2,14,0,0,0,2,True,0.0,False,tiny
MISRA1B,nle,2,14,0,0,1,2,True,0.0,False,tiny
MISRA1C,nle,2,14,0,0,0,2,True,0.0,False,tiny
MISRA1C,nle,2,14,0,0,1,2,True,0.0,False,tiny
MISRA1D,nle,2,14,0,0,0,2,True,0.0,False,tiny
MISRA1D,nle,2,14,0,0,1,2,True,0.0,False,tiny
MSQRTA,nle,1024,1024,0,0,0,1,True,0.0,True,large
MSQRTB,nle,1024,1024,0,0,0,1,True,0.0,True,large
NELSON,nle,3,128,0,0,0,2,True,0.0,False,tiny
NELSON,nle,3,128,0,0,1,2,True,0.0,False,tiny
NONDIANE,nle,5000,5000,0,0,0,1,True,0.0,True,large
NONSCOMPNE,nle,5000,5000,0,10000,0,1,True,0.0,True,large
OSBORNE1,nle,5,33,0,0,0,1,True,0.0,False,tiny
OSBORNE2,nle,11,65,0,0,0,1,True,0.0,False,tiny
OSCIGRNE,nle,100000,100000,0,0,0,1,True,0.0,True,large
OSCIPANE,nle,10,10,0,0,0,1,True,0.0,True,tiny
PALMER1ANE,nle,6,35,0,2,0,1,True,0.0,True,tiny
PALMER1BNE,nle,4,35,0,2,0,1,True,0.0,False,tiny
PALMER1ENE,nle,8,35,0,1,0,1,True,0.0,True,tiny
PALMER1NE,nle,4,31,0,3,0,1,True,0.0,True,tiny
PALMER2ANE,nle,6,23,0,2,0,1,True,0.0,False,tiny
PALMER2BNE,nle,4,23,0,2,0,1,True,0.0,True,tiny
PALMER2ENE,nle,8,23,0,1,0,1,True,0.0,True,tiny
PALMER2NE,nle,4,23,0,3,0,1,True,0.0,True,tiny
PALMER3ANE,nle,6,23,0,2,0,1,True,0.0,True,tiny
PALMER3BNE,nle,4,23,0,2,0,1,True,0.0,True,tiny
PALMER3ENE,nle,8,23,0,1,0,1,True,5.0741053e-05,False,tiny
PALMER3NE,nle,4,23,0,3,0,1,True,0.0,True,tiny
PALMER4ANE,nle,6,23,0,2,0,1,True,0.0,True,tiny
PALMER4BNE,nle,4,23,0,2,0,1,True,0.0,True,tiny
PALMER4ENE,nle,8,23,0,1,0,1,True,0.0,False,tiny
PALMER4NE,nle,4,23,0,3,0,1,True,0.0,True,tiny
PALMER5BNE,nle,9,12,0,2,0,1,True,0.040606141,False,tiny
PALMER6ANE,nle,6,13,0,2,0,1,True,0.0,True,tiny
PALMER6ENE,nle,8,13,0,1,0,1,True,0.0,True,tiny
PALMER7ANE,nle,6,13,0,2,0,1,True,0.0,False,tiny
PALMER7ENE,nle,8,13,0,1,0,1,True,0.0,True,tiny
PALMER8ANE,nle,6,12,0,2,0,1,True,0.0,True,tiny
PALMER8ENE,nle,8,12,0,1,0,1,True,0.0,True,tiny
PFIT1,nle,3,3,0,1,0,1,True,0.0,True,tiny
PFIT2,nle,3,3,0,1,0,1,True,0.0,True,tiny
PFIT3,nle,3,3,0,1,0,1,True,0.0,True,tiny
PFIT4,nle,3,3,0,1,0,1,True,0.0,True,tiny
POROUS2,nle,5184,4900,0,568,0,1,True,0.0,False,large
POWELLBS,nle,2,2,0,0,0,1,True,0.0,False,tiny
POWELLSE,nle,4,4,0,0,0,1,True,0.0,False,tiny
POWELLSQ,nle,2,2,0,0,0,1,True,0.0,False,tiny
POWERSUMNE,nle,4,4,0,0,0,1,True,0.0,True,tiny
QINGNE,nle,100,100,0,0,0,1,True,0.0,True,small
RAT42,nle,3,9,0,0,0,2,True,0.0,False,tiny
RAT42,nle,3,9,0,0,1,2,True,0.0,False,tiny
RAT43,nle,4,15,0,0,0,2,True,0.0,False,tiny
RAT43,nle,4,15,0,0,1,2,True,0.0,False,tiny
RECIPE,nle,3,3,0,0,0,1,True,0.0,True,tiny
REPEAT,nle,100000,200001,0,100003,0,1,True,0.0,False,large
S308NE,nle,2,3,0,0,0,1,True,0.773199,False,tiny
SANTA,nle,21,23,0,42,0,1,True,0.0,False,small
SINVALNE,nle,2,2,0,0,0,1,True,0.0,True,tiny
SPIN,nle,1327,1325,0,0,0,1,False,,False,large
TRIGON1NE,nle,10,10,0,0,0,1,True,0.0,True,tiny
VANDANIUMS,nle,22,10,0,0,0,1,False,,False,small
VARDIMNE,nle,10,12,0,0,0,1,True,0.0,True,tiny
VESUVIA,nle,8,1025,0,0,0,1,False,,False,tiny
VESUVIO,nle,8,1025,0,0,0,1,False,,False,tiny
VESUVIOU,nle,8,1025,0,0,0,1,False,,False,tiny
VIBRBEAMNE,nle,8,30,0,0,0,1,True,0.15644607137,False,tiny
YATP1CNE,nle,123200,123200,0,0,0,1,True,0.0,True,large
YATP1NE,nle,123200,123200,0,0,0,1,True,0.0,True,large
